,daily_patterns,seasonal_patterns,peak_hours,off_peak_hours,solar_daily_pattern,wind_daily_pattern,seasonal_variation
load_temporal,"{'electric_load_hybrid.csv': {0: 15000.0, 1: 12000.0, 2: 10000.0, 3: 9500.0, 4: 9000.0, 5: 11000.0, 6: 14000.0, 7: 18000.0, 8: 22000.0, 9: 25000.0, 10: 26000.0, 11: 27000.0, 12: 28000.0, 13: 29000.0, 14: 30000.0, 15: 31000.0, 16: 32000.0, 17: 33000.0, 18: 32000.0, 19: 30000.0, 20: 28000.0, 21: 25000.0, 22: 20000.0, 23: 17000.0}}",{},"{'electric_load_hybrid.csv': [17, 16, 18, 15]}","{'electric_load_hybrid.csv': [4, 3, 2, 5]}",,,
production_temporal,,,,,"{0: 0.0, 1: 0.0, 2: 0.0, 3: 0.0, 4: 0.0, 5: 0.10962567142063345, 6: 5.2449405390386215, 7: 28.19952898684942, 8: 72.73149222078163, 9: 121.82700305612151, 10: 155.8450526169265, 11: 177.3228752187126, 12: 179.4871965190165, 13: 172.17545670596905, 14: 145.13656729351032, 15: 105.89303594710374, 16: 59.509232560305485, 17: 19.02689219261337, 18: 1.5158946288698247, 19: 0.003874183311554975, 20: 0.0, 21: 0.0, 22: 0.0, 23: 0.0}","{0: 1364.1147670962882, 1: 1311.4631952830132, 2: 1259.0067977564001, 3: 1209.431264596417, 4: 1146.6838735468223, 5: 1122.8050949776543, 6: 1087.076773209322, 7: 995.4493369003909, 8: 1043.7322352944814, 9: 1095.2015609253722, 10: 1159.2956400365788, 11: 1290.5638409036844, 12: 1573.732492131893, 13: 1828.4908573161745, 14: 1991.8983613161322, 15: 2195.0588539283603, 16: 2261.224778264693, 17: 2232.6401945728207, 18: 2023.9801321753632, 19: 1865.5856370748504, 20: 1771.4357201510877, 21: 1595.5408180526108, 22: 1463.8664536187136, 23: 1405.9660874233539}",{}
