Source,Type,Max,Min,Average,Total
SS01-KAT_H1_solar_power_A_m2,Solar (A/m²),198.279,0.0,38.53597180365297,337575.113
SS01-KAT_H2_solar_power_A_m2,Solar (A/m²),210.64,0.0,37.78653127853881,331010.01399999997
WS01-OTT_Q01_wind_power_kW,Wind (kW),3412.4326171875,-64.97869873046875,749.808522833962,6568322.660025507
WS01-OTT_Q02_wind_power_kW,Wind (kW),3477.74609375,-31.056612014770508,2101.3209511141304,18407571.531759784
WS01-OTT_Q03_wind_power_kW,Wind (kW),3417.876953125,-66.90966796875,849.1638264907107,7438675.120058626
WS01-OTT_Q04_wind_power_kW,Wind (kW),3385.571044921875,-37.0008430480957,514.6135362476924,4508014.577529785
