Metric,Temperature (°C),Wind Speed (m/s),Solar Irradiance (W/m²)
Max,22.16,13.24,898.0
Min,-7.09,0.35,0.0
Average,8.485878424657534,4.377605022831051,100.53469178082192
Standard Deviation,5.041093264349068,2.0992276033845454,168.25838659131819
